WP,Title,Owner,State,Est,Dependencies
WP1,nanovms HTTP API design,nanovms-team,in_progress,2d,
WP2,heliosApp nanovms adapter,heliosapp-team,planned,4d,WP1
WP3,Tier 1 provider tools,heliosapp-team,planned,3d,WP2
WP4,Tier 2 PTY session isolation,heliosapp-team,planned,4d,WP2
WP5,Tier 3 colab-renderer isolation,heliosapp-team,planned,5d,WP2
WP6,Session snapshot/recovery,nanovms-team,planned,3d,WP5
WP7,Platform support (macOS/Win/Linux),heliosapp-team,planned,4d,WP3-6
WP8,Integration tests,cross-team,planned,3d,WP7
WP9,Documentation,docs-team,planned,2d,WP8
